Organization,Followed On
Business Insider Advertising,Fri Dec 20 22:51:52 UTC 2024
LinkedIn News,Mon Nov 04 02:41:54 UTC 2024
Veeva Systems,Sat Jun 15 00:28:51 UTC 2024
"DrayNow, Inc.",Thu Jun 13 04:09:37 UTC 2024
Debugging,Wed May 29 16:01:35 UTC 2024
Firebrand Technologies,Tue Apr 09 02:57:44 UTC 2024
IT Pros,Fri Oct 20 02:53:10 UTC 2023
STUDIO JIJIJI,Mon Sep 04 13:37:33 UTC 2023
Architecture,Sun Aug 27 06:48:52 UTC 2023
Representational State Transfer (REST),Sun Aug 27 06:45:30 UTC 2023
Code Review,Sun Aug 27 06:42:35 UTC 2023
Technical Leadership,Sun Aug 27 06:41:08 UTC 2023
Test Driven Development,Sun Aug 27 06:35:18 UTC 2023
Problem Solving,Sun Aug 27 06:31:31 UTC 2023
User Experience,Sun Aug 27 06:30:56 UTC 2023
Front-end Development,Sun Aug 27 06:29:00 UTC 2023
Aha!,Sat Aug 26 22:32:37 UTC 2023
Web Design,Fri Mar 10 21:08:39 UTC 2023
Software as a Service (SaaS),Fri Mar 10 21:08:31 UTC 2023
Enterprise Software,Fri Mar 10 21:00:49 UTC 2023
Business Intelligence,Fri Mar 10 20:27:48 UTC 2023
HTML5,Fri Mar 10 19:24:20 UTC 2023
"Solution Staffers, Inc",Tue Jan 10 00:12:18 UTC 2023
Alpha Alias,Sat Jun 04 12:55:35 UTC 2022
STRATACACHE,Sun May 24 18:29:42 UTC 2020
Scala,Sun Mar 29 01:25:33 UTC 2020
Wise Growth,Sun Mar 29 01:17:12 UTC 2020
Mask Movement,Thu Mar 26 12:00:45 UTC 2020
Promptworks | Acquired by Modus Create,Tue Aug 13 23:35:39 UTC 2019
Resistor Software Inc,Wed Aug 07 13:36:00 UTC 2019
Jonathan Orose-Realtor,Sat Jun 08 12:25:05 UTC 2019
OTG Management,Mon Jun 18 19:14:25 UTC 2018
Front Office Partners,Sat May 05 23:09:49 UTC 2018
thoughtbot,Sat May 05 23:08:19 UTC 2018
THRYVE,Sat May 05 22:26:49 UTC 2018
Udemy Alumni,Fri May 04 03:34:59 UTC 2018
G2i Inc.,Fri May 04 01:39:16 UTC 2018
"Insider, Inc.",Sun Mar 04 21:26:18 UTC 2018
Gramercy Tech,Thu Jul 13 18:34:42 UTC 2017
KeepShopping.com,Thu Jul 13 18:24:08 UTC 2017
VaynerMedia,Thu Jul 13 16:14:23 UTC 2017
Fohr,Tue Jul 11 23:11:35 UTC 2017
Spotify,Sun Jul 09 16:44:03 UTC 2017
Udemy,Mon Jun 26 20:02:09 UTC 2017
Codecademy,Mon Jun 26 19:57:01 UTC 2017
Flatiron School,Mon Jun 26 19:54:16 UTC 2017
App Academy,Mon Jun 26 19:52:58 UTC 2017
General Assembly,Mon Jun 26 19:50:43 UTC 2017
New York University,Mon Jun 26 19:48:57 UTC 2017
West Chester University of Pennsylvania,Thu Sep 08 15:01:19 UTC 2016
Streamline Studios,Fri Feb 19 23:25:33 UTC 2016
Inc. Magazine,Sat Jan 16 13:31:25 UTC 2016
Business Insider,Sat Jan 16 13:30:41 UTC 2016
Harvard Business Review,Sat Jan 16 13:30:07 UTC 2016
Ad Age,Sat Jan 16 13:29:28 UTC 2016
Pretty Creative,Thu Dec 10 14:39:09 UTC 2015
Konsonant Music + Post,Mon Dec 07 23:20:14 UTC 2015
Agoraphone Music Direction,Mon Dec 07 21:03:34 UTC 2015
SloMoments Packshot Studio,Wed Nov 18 22:31:56 UTC 2015
UniqueSound (Techstars NYC'â€‹ 15),Mon Sep 21 21:47:41 UTC 2015
Oneironaught,Sat Aug 22 20:58:18 UTC 2015
"Next Big Sound, Inc.",Fri Aug 14 19:00:02 UTC 2015
Lua,Tue Jun 09 21:53:00 UTC 2015
Skift,Tue Jun 09 20:51:10 UTC 2015
Modicum,Fri Jun 05 18:44:07 UTC 2015
Enforcive,Thu Jul 24 20:24:38 UTC 2014
Saturn Business Systems,Thu Mar 14 14:36:23 UTC 2013
Searchlight Inc,Tue Dec 11 10:34:46 UTC 2012
MXM Mobile,Tue Dec 11 10:30:40 UTC 2012
PK4 Media,Tue Dec 11 10:28:37 UTC 2012