Date/Time,Media Description,Media Link
"You uploaded a document on March 1, 2020 at 1:15 PM (GMT)", -,https://media.licdn.com/dms/document/media/v2/C4D2DAQHR4STclXvRhQ/profile-treasury-document-pdf-analyzed/profile-treasury-document-pdf-analyzed/0/1583068539333?e=2147483647&v=beta&t=gKGLtajDq858xHsPfIqdRt-bwtUChnEhTObzYPJdvvI
"You uploaded a photo on February 12, 2020 at 12:56 PM (GMT)", -,https://media.licdn.com/dms/image/v2/C4D2DAQHnSPc12k7QtQ/profile-treasury-image-shrink_8192_8192/profile-treasury-image-shrink_8192_8192/0/1602190143379?e=2147483647&v=beta&t=p5TxLM6ap3Wqy4J1ztIalj2F9vPogIaFkHFWPhAVtXk
"You uploaded a photo on February 12, 2020 at 10:52 AM (GMT)", -,https://media.licdn.com/dms/image/v2/C4D2DAQHwnhH-b7xr5A/profile-treasury-image-shrink_8192_8192/profile-treasury-image-shrink_8192_8192/0/1596579654079?e=2147483647&v=beta&t=UnQCZLypafn0TIGgGuSIPSPoiIL0I7s5Dw9u0zaiCGY
"You uploaded a photo on February 12, 2020 at 7:02 AM (GMT)", -,https://media.licdn.com/dms/image/v2/C4D2DAQFw7eJOVTk5Ww/profile-treasury-image-shrink_8192_8192/profile-treasury-image-shrink_8192_8192/0/1597477018483?e=2147483647&v=beta&t=kIBV9wn4oiwRzhm-wXHk00fsXsky-HARG_umb7M2o58
"You uploaded a photo on February 12, 2020 at 3:43 AM (GMT)", -,https://media.licdn.com/dms/image/v2/C4D2DAQGSd_YlpBZvYA/profile-treasury-image-shrink_8192_8192/profile-treasury-image-shrink_8192_8192/0/1596594448597?e=2147483647&v=beta&t=Xl0qPBlUAZ-QqZXEa3otYj3_AriSA61iY2FlAc_Odl8
"You uploaded a photo on February 12, 2020 at 3:21 AM (GMT)", -,https://media.licdn.com/dms/image/v2/C4D2DAQGWGEbt5i9atQ/profile-treasury-image-shrink_8192_8192/profile-treasury-image-shrink_8192_8192/0/1597811070031?e=2147483647&v=beta&t=iA2r_ekt_aaNw7jRATKi88H2esKCL7gX959P3FSYgi8
"You uploaded a photo on February 12, 2020 at 2:06 AM (GMT)", -,https://media.licdn.com/dms/image/v2/C4D2DAQFkRRLWuqNHOg/profile-treasury-image-shrink_8192_8192/profile-treasury-image-shrink_8192_8192/0/1601604910309?e=2147483647&v=beta&t=ruN432bpRQK3PLgxp5ZIihhKOWQlxc6yhYzR09ITcGQ
"You uploaded a photo on February 12, 2020 at 12:04 AM (GMT)", -,https://media.licdn.com/dms/image/v2/C4D2DAQF-uhGEJedlnw/profile-treasury-image-shrink_8192_8192/profile-treasury-image-shrink_8192_8192/0/1601347726537?e=2147483647&v=beta&t=0qMAL-IZg8KJNS6KSkXxVBHO2iVlMynYVTEIhC1YJm8
"You uploaded a photo on February 11, 2020 at 7:33 PM (GMT)", -,https://media.licdn.com/dms/image/v2/C4D2DAQHgw4dcNu_4xw/profile-treasury-image-shrink_8192_8192/profile-treasury-image-shrink_8192_8192/0/1597220166883?e=2147483647&v=beta&t=5P2Xsr8f4Wffco7P90FPWKSnrDU-Yf1lvogsyrlrGvQ
"You uploaded a photo on February 11, 2020 at 5:12 PM (GMT)", -,https://media.licdn.com/dms/image/v2/C4D2DAQGHdDcg8Wsriw/profile-treasury-image-shrink_8192_8192/profile-treasury-image-shrink_8192_8192/0/1596836632170?e=2147483647&v=beta&t=F-vdk4PO0oAwmJnDy2r5g_oil_GXduoWFpcSxQB6z2w
"You uploaded a photo on February 11, 2020 at 3:59 PM (GMT)", -,https://media.licdn.com/dms/image/v2/C4D2DAQGIO1eNTfrCmQ/profile-treasury-image-shrink_8192_8192/profile-treasury-image-shrink_8192_8192/0/1602190339514?e=2147483647&v=beta&t=0VonlkMHQfu8x6S2A75YP0CaagCLdbShWz_eEGVZ2Yk
"You uploaded a photo on February 11, 2020 at 3:33 PM (GMT)", -,https://media.licdn.com/dms/image/v2/C4D2DAQHThCBmSAW2uA/profile-treasury-image-shrink_8192_8192/profile-treasury-image-shrink_8192_8192/0/1597580742541?e=2147483647&v=beta&t=DgJKarFJttxqJSN4TOcoFN4YvXp3TGzXVwhYA2TT84E
"You uploaded a photo on February 11, 2020 at 1:15 PM (GMT)", -,https://media.licdn.com/dms/image/v2/C4D2DAQHJnrdxiE--Fw/profile-treasury-image-shrink_8192_8192/profile-treasury-image-shrink_8192_8192/0/1596087370065?e=2147483647&v=beta&t=_RzND3XG_VYYLVJwCsSfYR3L5yXnT_Sx-5-5DIJN5qk
"You uploaded a photo on February 11, 2020 at 10:03 AM (GMT)", -,https://media.licdn.com/dms/image/v2/C4D2DAQHsBEjTZR0gXA/profile-treasury-image-shrink_8192_8192/profile-treasury-image-shrink_8192_8192/0/1602175207625?e=2147483647&v=beta&t=RBYph56C3cdrbQRcKwIb-ruZKffRrqX0b4Mw7y2Qixc
"You uploaded a photo on February 11, 2020 at 3:17 AM (GMT)", -,https://media.licdn.com/dms/image/v2/C4D2DAQEocVbginGsow/profile-treasury-image-shrink_8192_8192/profile-treasury-image-shrink_8192_8192/0/1601699681949?e=2147483647&v=beta&t=iS2EoWgloB36i5NYkqyNP0-ccFd8hxnI6CSDQB6BFaM
"You uploaded a photo on February 10, 2020 at 3:21 PM (GMT)", -,https://media.licdn.com/dms/image/v2/C4D2DAQExmOxEI2hrUA/profile-treasury-image-shrink_8192_8192/profile-treasury-image-shrink_8192_8192/0/1601601870819?e=2147483647&v=beta&t=oHz39qLgLGtAk3FrB3XN3AGax_RGq7jwZ-bjuhd75oI
"You uploaded a photo on February 10, 2020 at 6:35 AM (GMT)", -,https://media.licdn.com/dms/image/v2/C4D2DAQFgluGpLGC5qQ/profile-treasury-image-shrink_8192_8192/profile-treasury-image-shrink_8192_8192/0/1601593262169?e=2147483647&v=beta&t=42_W2tXfXFyt2jaDDQlv8a3SLv3LLSVvpZaYvj1RtCo
"You uploaded a photo on February 10, 2020 at 6:06 AM (GMT)", -,https://media.licdn.com/dms/image/v2/C4D2DAQH9gOeI6Ii7vQ/profile-treasury-image-shrink_8192_8192/profile-treasury-image-shrink_8192_8192/0/1596844516437?e=2147483647&v=beta&t=_zhI0lcZ9u-kxB7HYJfc1S9wZu1C0JfOLJ9v_rK-GwE
"You uploaded a photo on February 9, 2020 at 5:18 PM (GMT)", -,https://media.licdn.com/dms/image/v2/C4D2DAQHuZeM3m7sAFg/profile-treasury-image-shrink_8192_8192/profile-treasury-image-shrink_8192_8192/0/1597479549861?e=2147483647&v=beta&t=quUrcoZNhEmCg2UiDIXOol8hEoUDqtpP3qN_D-KtARw
"You uploaded a photo on February 9, 2020 at 5:51 AM (GMT)", -,https://media.licdn.com/dms/image/v2/C4D2DAQETDHMNAiLLSg/profile-treasury-image-shrink_8192_8192/profile-treasury-image-shrink_8192_8192/0/1597903288017?e=2147483647&v=beta&t=p_7JweC4gox00dc5Dnas3HNvdR9weIT0jLAT_RCnE_c
"You uploaded a photo on February 8, 2020 at 10:12 PM (GMT)", -,https://media.licdn.com/dms/image/v2/C4D2DAQHlw8EpZAJqEg/profile-treasury-image-shrink_8192_8192/profile-treasury-image-shrink_8192_8192/0/1601609644247?e=2147483647&v=beta&t=l7AOQuaYWSTOMx-eEgDQKWfHOH11RS4VcjqThhiZ8L0
"You uploaded a photo on February 8, 2020 at 6:34 PM (GMT)", -,https://media.licdn.com/dms/image/v2/C4D2DAQGyAfk9jbNFeA/profile-treasury-image-shrink_8192_8192/profile-treasury-image-shrink_8192_8192/0/1596580229840?e=2147483647&v=beta&t=7e3x4vc-puxeR8L_6DaAH3-crb7TyaEzhpp42nLyFS4
"You uploaded a photo on February 8, 2020 at 4:37 PM (GMT)", -,https://media.licdn.com/dms/image/v2/C4D2DAQGNknTo8qF_bw/profile-treasury-image-shrink_8192_8192/profile-treasury-image-shrink_8192_8192/0/1597167967339?e=2147483647&v=beta&t=cywdD1Gyhhea4i46D9J4PUNjW0kQXq9z8ZEqnlYllfQ
"You uploaded a profile background photo on May 4, 2018 at 4:19 AM (GMT)", -,https://media.licdn.com/dms/image/v2/C4D16AQGvvMhsOqX2VQ/profile-displaybackgroundimage-shrink_200_800/profile-displaybackgroundimage-shrink_200_800/0/1525407560772?e=2147483647&v=beta&t=3ZbilsqqcoaoQPbK73K_X3LsOEVRsw2mh5C4haDR2_I
"You uploaded a profile background photo on May 4, 2018 at 4:19 AM (GMT)", -,https://media.licdn.com/dms/image/v2/C4D04AQFtYSh65Hkk-A/profile-originalbackgroundimage-shrink_396_1584/profile-originalbackgroundimage-shrink_396_1584/0/1525407563190?e=1748476800&v=beta&t=T2A3rC1wfM6XJHe0U6dc1R-C64lQiysCaDpNRwxZCYQ
"You uploaded a profile photo on January 19, 2018 at 7:19 AM (GMT)", -,https://media.licdn.com/dms/image/v2/C5604AQEHE-Nf8CRQBg/profile-originalphoto-shrink_900_1200/profile-originalphoto-shrink_900_1200/0/1516346385577?e=1748476800&v=beta&t=tWGVd7oZbtcFDBrS-jU2J1NSV5I6lbOtEZi-X7bMy6Q
"You uploaded a profile photo on January 19, 2018 at 7:19 AM (GMT)", -,https://media.licdn.com/dms/image/v2/C5603AQFsxgJeYFQ_tA/profile-displayphoto-shrink_100_100/profile-displayphoto-shrink_100_100/0/1516346391147?e=2147483647&v=beta&t=vno3_AzaXNzhYnbrcEmwPRlCIiWKzlxddBv6MmNGMH4
